45590.0;0.075
45590.004;-0.13
45590.008;-0.47
45590.012;-0.855
45590.015999999996;-1.21
45590.02;-1.54
45590.024000000005;-1.89
45590.028;-2.21
45590.032;-2.445
45590.03599999999;-2.56
45590.04;-2.51
45590.044;-2.2
45590.047999999995;-1.785
45590.052;-1.41
45590.056;-1.14
45590.06;-0.955
45590.064000000006;-0.78
45590.068;-0.71
45590.072;-0.61
45590.075999999994;-0.55
45590.08;-0.51
45590.084;-0.48
45590.087999999996;-0.425
45590.092000000004;-0.425
45590.096;-0.39
45590.1;-0.37
45590.10400000001;-0.38
45590.108;-0.365
45590.112;-0.32
45590.115999999995;-0.32
45590.12;-0.335
45590.124;-0.34
45590.128;-0.33
45590.132000000005;-0.325
45590.136;-0.31
45590.14;-0.31
45590.144;-0.3
45590.148;-0.275
45590.152;-0.265
45590.155999999995;-0.225
45590.16;-0.21
45590.164000000004;-0.195
45590.168;-0.175
45590.172;-0.165
45590.176;-0.14
45590.18;-0.12
45590.184;-0.115
45590.187999999995;-0.07
45590.192;-0.055
45590.195999999996;-0.05
45590.2;-0.03
45590.204000000005;-0.025
45590.208;-0.005
45590.212;-0.005
45590.21599999999;-0.02
45590.22;-0.015
45590.224;0.015
45590.227999999996;0.0
45590.232;0.015
45590.236;0.0
45590.24;-0.04
45590.244000000006;-0.045
45590.248;-0.065
45590.252;-0.065
45590.255999999994;-0.095
45590.26;-0.115
45590.264;-0.13
45590.268;-0.135
45590.272000000004;-0.15
45590.276;-0.19
45590.28;-0.21
45590.28400000001;-0.25
45590.288;-0.275
45590.292;-0.305
45590.295999999995;-0.315
45590.3;-0.33
45590.304000000004;-0.345
45590.308;-0.365
45590.312000000005;-0.37
45590.316;-0.38
45590.32;-0.38
45590.324;-0.375
45590.328;-0.385
45590.332;-0.4
45590.335999999996;-0.405
45590.34;-0.39
45590.344000000005;-0.385
45590.348;-0.405
45590.352;-0.395
45590.356;-0.375
45590.36;-0.36
45590.364;-0.365
45590.367999999995;-0.325
45590.372;-0.27
45590.376;-0.25
45590.38;-0.24
45590.384000000005;-0.235
45590.388;-0.225
45590.392;-0.22
45590.39599999999;-0.24
45590.4;-0.32
45590.404;-0.345
45590.407999999996;-0.35
45590.412000000004;-0.365
45590.416;-0.39
45590.42;-0.415
45590.424000000006;-0.425
45590.428;-0.435
45590.432;-0.43
45590.435999999994;-0.41
45590.44;-0.425
45590.444;-0.425
45590.448;-0.42
45590.452000000005;-0.42
45590.456;-0.445
45590.46;-0.45
45590.46400000001;-0.46
45590.468;-0.45
45590.472;-0.465
45590.475999999995;-0.465
45590.48;-0.475
45590.484000000004;-0.48
45590.488;-0.445
45590.492;-0.475
45590.496;-0.465
45590.5;-0.48
45590.504;-0.49
45590.508;-0.485
45590.512;-0.5
45590.515999999996;-0.5
45590.52;-0.5
45590.524000000005;-0.475
45590.528;-0.485
45590.532;-0.47
45590.53599999999;-0.455
45590.54;-0.44
45590.544;-0.42
45590.547999999995;-0.425
45590.552;-0.4
45590.556;-0.38
45590.56;-0.385
45590.564000000006;-0.29
45590.568;-0.15
45590.572;-0.06
45590.575999999994;-0.135
45590.58;-0.365
45590.584;-0.715
45590.587999999996;-1.08
45590.592000000004;-1.43
45590.596;-1.785
45590.6;-2.05
45590.60400000001;-2.28
45590.608;-2.415
45590.612;-2.44
45590.615999999995;-2.255
45590.62;-1.92
45590.624;-1.565
45590.628;-1.31
45590.632000000005;-1.115
45590.636;-0.97
45590.64;-0.87
45590.644;-0.795
45590.648;-0.7
45590.652;-0.655
45590.655999999995;-0.635
45590.66;-0.565
45590.664000000004;-0.57
45590.668;-0.56
45590.672;-0.545
45590.676;-0.495
45590.68;-0.515
45590.684;-0.49
45590.687999999995;-0.48
45590.692;-0.46
45590.695999999996;-0.47
45590.7;-0.45
45590.704000000005;-0.45
45590.708;-0.425
45590.712;-0.435
45590.71599999999;-0.42
45590.72;-0.415
45590.724;-0.4
45590.727999999996;-0.385
45590.732;-0.37
45590.736;-0.36
45590.74;-0.34
45590.744000000006;-0.31
45590.748;-0.28
45590.752;-0.26
45590.755999999994;-0.24
45590.76;-0.24
45590.764;-0.2
45590.768;-0.23
45590.772000000004;-0.205
45590.776;-0.195
45590.78;-0.175
45590.78400000001;-0.155
45590.788;-0.155
45590.792;-0.145
45590.795999999995;-0.135
45590.8;-0.145
45590.804000000004;-0.14
45590.808;-0.1
45590.812000000005;-0.12
45590.816;-0.13
45590.82;-0.155
45590.824;-0.165
45590.828;-0.19
45590.832;-0.21
45590.835999999996;-0.23
45590.84;-0.255
45590.844000000005;-0.275
45590.848;-0.3
45590.852;-0.315
45590.856;-0.33
45590.86;-0.345
45590.864;-0.37
45590.867999999995;-0.375
45590.872;-0.43
45590.876;-0.41
45590.88;-0.425
45590.884000000005;-0.42
45590.888;-0.44
45590.892;-0.46
45590.89599999999;-0.47
45590.9;-0.475
45590.904;-0.475
45590.907999999996;-0.48
45590.912000000004;-0.48
45590.916;-0.47
45590.92;-0.465
45590.924000000006;-0.47
45590.928;-0.48
45590.932;-0.49
45590.935999999994;-0.485
45590.94;-0.455
45590.944;-0.45
45590.948;-0.42
45590.952000000005;-0.39
45590.956;-0.36
45590.96;-0.345
45590.96400000001;-0.34
45590.968;-0.345
45590.972;-0.39
45590.975999999995;-0.445
45590.98;-0.47
45590.984000000004;-0.505
45590.988;-0.515
45590.992;-0.53
45590.996;-0.52
45591.0;-0.515
45591.004;-0.52
45591.008;-0.515
45591.012;-0.525
45591.015999999996;-0.52
45591.02;-0.52
45591.024000000005;-0.53
45591.028;-0.525
45591.032;-0.51
45591.03599999999;-0.52
45591.04;-0.525
45591.044;-0.51
45591.047999999995;-0.515
45591.052;-0.525
45591.056;-0.525
45591.06;-0.525
45591.064000000006;-0.545
45591.068;-0.545
45591.072;-0.525
45591.075999999994;-0.515
45591.08;-0.525
45591.084;-0.54
45591.087999999996;-0.51
45591.092000000004;-0.52
45591.096;-0.55
45591.1;-0.505
45591.10400000001;-0.49
45591.108;-0.495
45591.112;-0.495
45591.115999999995;-0.465
45591.12;-0.46
45591.124;-0.45
45591.128;-0.425
45591.132000000005;-0.425
45591.136;-0.405
45591.14;-0.365
45591.144;-0.26
45591.148;-0.145
45591.152;-0.1
45591.155999999995;-0.22
45591.16;-0.46
45591.164000000004;-0.795
45591.168;-1.115
45591.172;-1.44
45591.176;-1.785
45591.18;-2.0
45591.184;-2.215
45591.187999999995;-2.39
45591.192;-2.45
45591.195999999996;-2.275
45591.2;-1.945
45591.204000000005;-1.59
45591.208;-1.325
45591.212;-1.11
45591.21599999999;-0.985
45591.22;-0.86
45591.224;-0.775
45591.227999999996;-0.7
45591.232;-0.645
45591.236;-0.615
45591.24;-0.58
45591.244000000006;-0.57
45591.248;-0.545
45591.252;-0.515
45591.255999999994;-0.515
45591.26;-0.505
45591.264;-0.49
45591.268;-0.48
45591.272000000004;-0.465
45591.276;-0.465
45591.28;-0.475
45591.28400000001;-0.48
45591.288;-0.45
45591.292;-0.45
45591.295999999995;-0.435
45591.3;-0.425
45591.304000000004;-0.41
45591.308;-0.405
45591.312000000005;-0.39
45591.316;-0.365
45591.32;-0.355
45591.324;-0.335
45591.328;-0.32
45591.332;-0.295
45591.335999999996;-0.285
45591.34;-0.27
45591.344000000005;-0.265
45591.348;-0.24
45591.352;-0.22
45591.356;-0.21
45591.36;-0.195
45591.364;-0.18
45591.367999999995;-0.155
45591.372;-0.165
45591.376;-0.155
45591.38;-0.155
45591.384000000005;-0.17
45591.388;-0.175
45591.392;-0.17
45591.39599999999;-0.165
45591.4;-0.205
45591.404;-0.2
45591.407999999996;-0.205
45591.412000000004;-0.205
45591.416;-0.24
45591.42;-0.245
45591.424000000006;-0.265
45591.428;-0.31
45591.432;-0.33
45591.435999999994;-0.345
45591.44;-0.35
45591.444;-0.375
45591.448;-0.375
45591.452000000005;-0.415
45591.456;-0.46
45591.46;-0.435
45591.46400000001;-0.455
45591.468;-0.49
45591.472;-0.52
45591.475999999995;-0.52
45591.48;-0.53
45591.484000000004;-0.51
45591.488;-0.5
45591.492;-0.515
45591.496;-0.535
45591.5;-0.515
45591.504;-0.495
45591.508;-0.485
45591.512;-0.45
45591.515999999996;-0.44
45591.52;-0.42
45591.524000000005;-0.405
45591.528;-0.365
45591.532;-0.33
45591.53599999999;-0.33
45591.54;-0.31
45591.544;-0.305
45591.547999999995;-0.305
45591.552;-0.35
45591.556;-0.395
45591.56;-0.425
45591.564000000006;-0.465
45591.568;-0.47
45591.572;-0.46
45591.575999999994;-0.455
45591.58;-0.47
45591.584;-0.45
45591.587999999996;-0.45
45591.592000000004;-0.46
45591.596;-0.455
45591.6;-0.45
45591.60400000001;-0.46
45591.608;-0.46
45591.612;-0.465
45591.615999999995;-0.47
45591.62;-0.485
45591.624;-0.48
45591.628;-0.475
45591.632000000005;-0.485
45591.636;-0.465
45591.64;-0.5
45591.644;-0.51
45591.648;-0.495
45591.652;-0.505
45591.655999999995;-0.5
45591.66;-0.475
45591.664000000004;-0.47
45591.668;-0.485
45591.672;-0.48
45591.676;-0.47
45591.68;-0.465
45591.684;-0.455
45591.687999999995;-0.47
45591.692;-0.45
45591.695999999996;-0.435
45591.7;-0.42
45591.704000000005;-0.4
45591.708;-0.39
45591.712;-0.36
45591.71599999999;-0.305
45591.72;-0.22
45591.724;-0.095
45591.727999999996;-0.1
45591.732;-0.28
45591.736;-0.665
45591.74;-1.015
45591.744000000006;-1.33
45591.748;-1.69
45591.752;-2.03
45591.755999999994;-2.305
45591.76;-2.53
45591.764;-2.635
45591.768;-2.565
45591.772000000004;-2.265
45591.776;-1.89
45591.78;-1.52
45591.78400000001;-1.24
45591.788;-1.1
45591.792;-0.975
45591.795999999995;-0.85
45591.8;-0.74
45591.804000000004;-0.685
45591.808;-0.62
45591.812000000005;-0.585
45591.816;-0.565
45591.82;-0.535
45591.824;-0.53
45591.828;-0.49
45591.832;-0.485
45591.835999999996;-0.465
45591.84;-0.45
45591.844000000005;-0.43
45591.848;-0.44
45591.852;-0.435
45591.856;-0.445
45591.86;-0.43
45591.864;-0.415
45591.867999999995;-0.385
45591.872;-0.385
45591.876;-0.37
45591.88;-0.35
45591.884000000005;-0.33
45591.888;-0.31
45591.892;-0.27
45591.89599999999;-0.23
45591.9;-0.22
45591.904;-0.2
45591.907999999996;-0.17
45591.912000000004;-0.16
45591.916;-0.12
45591.92;-0.11
45591.924000000006;-0.09
45591.928;-0.07
45591.932;-0.035
45591.935999999994;-0.03
45591.94;-0.055
45591.944;-0.03
45591.948;-0.03
45591.952000000005;-0.035
45591.956;-0.01
45591.96;-0.01
45591.96400000001;-0.015
45591.968;-0.035
45591.972;-0.01
45591.975999999995;-0.04
45591.98;-0.055
45591.984000000004;-0.1
45591.988;-0.105
45591.992;-0.13
45591.996;-0.175
45592.0;-0.19
45592.004;-0.215
45592.008;-0.25
45592.012;-0.255
45592.015999999996;-0.275
45592.02;-0.3
45592.024000000005;-0.3
45592.028;-0.31
45592.032;-0.345
45592.03599999999;-0.345
45592.04;-0.365
45592.044;-0.38
45592.047999999995;-0.37
45592.052;-0.395
45592.056;-0.4
45592.06;-0.4
45592.064000000006;-0.395
45592.068;-0.405
45592.072;-0.39
45592.075999999994;-0.415
45592.08;-0.395
45592.084;-0.385
45592.087999999996;-0.37
45592.092000000004;-0.355
45592.096;-0.33
45592.1;-0.3
45592.10400000001;-0.245
45592.108;-0.24
45592.112;-0.245
45592.115999999995;-0.225
45592.12;-0.26
45592.124;-0.245
45592.128;-0.28
45592.132000000005;-0.33
45592.136;-0.335
45592.14;-0.37
45592.144;-0.4
45592.148;-0.415
45592.152;-0.43
45592.155999999995;-0.415
45592.16;-0.44
45592.164000000004;-0.435
45592.168;-0.43
45592.172;-0.425
45592.176;-0.45
45592.18;-0.46
45592.184;-0.465
45592.187999999995;-0.47
45592.192;-0.46
45592.195999999996;-0.46
45592.2;-0.46
45592.204000000005;-0.445
45592.208;-0.465
45592.212;-0.48
45592.21599999999;-0.47
45592.22;-0.49
45592.224;-0.475
45592.227999999996;-0.48
45592.232;-0.485
45592.236;-0.48
45592.24;-0.465
45592.244000000006;-0.465
45592.248;-0.465
45592.252;-0.475
45592.255999999994;-0.48
45592.26;-0.465
45592.264;-0.43
45592.268;-0.395
45592.272000000004;-0.375
45592.276;-0.38
45592.28;-0.38
45592.28400000001;-0.34
45592.288;-0.29
45592.292;-0.15
45592.295999999995;-0.04
45592.3;-0.135
45592.304000000004;-0.425
45592.308;-0.83
45592.312000000005;-1.21
45592.316;-1.56
45592.32;-1.93
45592.324;-2.265
45592.328;-2.525
45592.332;-2.7
45592.335999999996;-2.755
45592.34;-2.625
45592.344000000005;-2.255
45592.348;-1.83
45592.352;-1.495
45592.356;-1.23
45592.36;-1.07
45592.364;-0.935
45592.367999999995;-0.815
45592.372;-0.75
45592.376;-0.68
45592.38;-0.65
45592.384000000005;-0.615
45592.388;-0.58
45592.392;-0.56
45592.39599999999;-0.54
45592.4;-0.52
45592.404;-0.52
45592.407999999996;-0.51
45592.412000000004;-0.505
45592.416;-0.495
45592.42;-0.485
45592.424000000006;-0.5
45592.428;-0.51
45592.432;-0.475
45592.435999999994;-0.465
45592.44;-0.45
45592.444;-0.45
45592.448;-0.425
45592.452000000005;-0.41
45592.456;-0.375
45592.46;-0.38
45592.46400000001;-0.355
45592.468;-0.32
45592.472;-0.295
45592.475999999995;-0.31
45592.48;-0.295
45592.484000000004;-0.25
45592.488;-0.23
45592.492;-0.215
45592.496;-0.195
45592.5;-0.215
45592.504;-0.195
45592.508;-0.19
45592.512;-0.185
45592.515999999996;-0.18
45592.52;-0.19
45592.524000000005;-0.15
45592.528;-0.195
45592.532;-0.18
45592.53599999999;-0.165
45592.54;-0.195
45592.544;-0.23
45592.547999999995;-0.225
45592.552;-0.24
45592.556;-0.265
45592.56;-0.27
45592.564000000006;-0.28
45592.568;-0.32
45592.572;-0.34
45592.575999999994;-0.355
45592.58;-0.39
45592.584;-0.385
45592.587999999996;-0.415
45592.592000000004;-0.435
45592.596;-0.455
45592.6;-0.46
45592.60400000001;-0.49
45592.608;-0.505
45592.612;-0.515
45592.615999999995;-0.535
45592.62;-0.525
45592.624;-0.53
45592.628;-0.545
45592.632000000005;-0.535
45592.636;-0.535
45592.64;-0.535
45592.644;-0.53
45592.648;-0.52
45592.652;-0.53
45592.655999999995;-0.505
45592.66;-0.465
45592.664000000004;-0.46
45592.668;-0.445
45592.672;-0.4
45592.676;-0.375
45592.68;-0.365
45592.684;-0.34
45592.687999999995;-0.345
45592.692;-0.35
45592.695999999996;-0.385
45592.7;-0.405
45592.704000000005;-0.45
45592.708;-0.48
45592.712;-0.495
45592.71599999999;-0.515
45592.72;-0.505
45592.724;-0.505
45592.727999999996;-0.525
45592.732;-0.51
45592.736;-0.51
45592.74;-0.515
45592.744000000006;-0.515
45592.748;-0.52
45592.752;-0.5
45592.755999999994;-0.505
45592.76;-0.54
45592.764;-0.525
45592.768;-0.51
45592.772000000004;-0.53
45592.776;-0.525
45592.78;-0.545
45592.78400000001;-0.54
45592.788;-0.53
45592.792;-0.55
45592.795999999995;-0.55
45592.8;-0.53
45592.804000000004;-0.565
45592.808;-0.56
45592.812000000005;-0.545
45592.816;-0.51
45592.82;-0.54
45592.824;-0.54
45592.828;-0.525
45592.832;-0.51
45592.835999999996;-0.535
45592.84;-0.495
45592.844000000005;-0.475
45592.848;-0.47
45592.852;-0.47
45592.856;-0.45
45592.86;-0.38
45592.864;-0.27
45592.867999999995;-0.155
45592.872;-0.125
45592.876;-0.25
45592.88;-0.56
45592.884000000005;-0.91
45592.888;-1.24
45592.892;-1.605
45592.89599999999;-1.905
45592.9;-2.185
45592.904;-2.39
45592.907999999996;-2.5
45592.912000000004;-2.47
45592.916;-2.225
45592.92;-1.87
45592.924000000006;-1.53
45592.928;-1.255
45592.932;-1.07
45592.935999999994;-0.94
45592.94;-0.855
45592.944;-0.77
45592.948;-0.725
45592.952000000005;-0.655
45592.956;-0.625
45592.96;-0.61
45592.96400000001;-0.585
45592.968;-0.575
45592.972;-0.55
45592.975999999995;-0.53
45592.98;-0.535
45592.984000000004;-0.525
45592.988;-0.525
45592.992;-0.51
45592.996;-0.515
45593.0;-0.495
45593.004;-0.515
45593.008;-0.5
45593.012;-0.47
45593.015999999996;-0.46
45593.02;-0.455
45593.024000000005;-0.445
45593.028;-0.42
45593.032;-0.405
45593.03599999999;-0.39
45593.04;-0.39
45593.044;-0.365
45593.047999999995;-0.35
45593.052;-0.32
45593.056;-0.27
45593.06;-0.27
45593.064000000006;-0.245
45593.068;-0.215
45593.072;-0.215
45593.075999999994;-0.205
45593.08;-0.185
45593.084;-0.18
45593.087999999996;-0.18
45593.092000000004;-0.19
45593.096;-0.15
45593.1;-0.18
45593.10400000001;-0.155
45593.108;-0.18
45593.112;-0.18
45593.115999999995;-0.185
45593.12;-0.19
45593.124;-0.22
45593.128;-0.245
45593.132000000005;-0.255
45593.136;-0.26
45593.14;-0.28
45593.144;-0.315
45593.148;-0.345
45593.152;-0.355
45593.155999999995;-0.385
45593.16;-0.385
45593.164000000004;-0.41
45593.168;-0.43
45593.172;-0.45
45593.176;-0.48
45593.18;-0.485
45593.184;-0.465
45593.187999999995;-0.49
45593.192;-0.465
45593.195999999996;-0.48
45593.2;-0.49
45593.204000000005;-0.495
45593.208;-0.51
45593.212;-0.495
45593.21599999999;-0.49
45593.22;-0.485
45593.224;-0.49
45593.227999999996;-0.49
45593.232;-0.465
45593.236;-0.47
45593.24;-0.425
45593.244000000006;-0.39
45593.248;-0.395
45593.252;-0.38
45593.255999999994;-0.38
45593.26;-0.355
45593.264;-0.365
45593.268;-0.385
45593.272000000004;-0.435
45593.276;-0.5
45593.28;-0.51
45593.28400000001;-0.495
45593.288;-0.52
45593.292;-0.525
45593.295999999995;-0.55
45593.3;-0.53
45593.304000000004;-0.54
45593.308;-0.54
45593.312000000005;-0.535
45593.316;-0.53
45593.32;-0.52
45593.324;-0.52
45593.328;-0.515
45593.332;-0.55
45593.335999999996;-0.54
45593.34;-0.525
45593.344000000005;-0.535
45593.348;-0.52
45593.352;-0.515
45593.356;-0.55
45593.36;-0.53
45593.364;-0.515
45593.367999999995;-0.49
45593.372;-0.51
45593.376;-0.54
45593.38;-0.55
45593.384000000005;-0.54
45593.388;-0.535
45593.392;-0.55
45593.39599999999;-0.535
45593.4;-0.525
45593.404;-0.53
45593.407999999996;-0.535
45593.412000000004;-0.515
45593.416;-0.465
45593.42;-0.455
45593.424000000006;-0.43
45593.428;-0.425
45593.432;-0.425
45593.435999999994;-0.39
45593.44;-0.295
45593.444;-0.16
45593.448;-0.12
45593.452000000005;-0.23
45593.456;-0.525
45593.46;-0.855
45593.46400000001;-1.18
45593.468;-1.495
45593.472;-1.82
45593.475999999995;-2.075
45593.48;-2.275
45593.484000000004;-2.44
45593.488;-2.505
45593.492;-2.325
45593.496;-1.96
45593.5;-1.63
45593.504;-1.335
45593.508;-1.155
45593.512;-1.015
45593.515999999996;-0.91
45593.52;-0.81
45593.524000000005;-0.76
45593.528;-0.705
45593.532;-0.675
45593.53599999999;-0.62
45593.54;-0.595
45593.544;-0.575
45593.547999999995;-0.545
45593.552;-0.545
45593.556;-0.52
45593.56;-0.505
45593.564000000006;-0.515
45593.568;-0.48
45593.572;-0.47
45593.575999999994;-0.49
45593.58;-0.465
45593.584;-0.45
45593.587999999996;-0.45
45593.592000000004;-0.425
45593.596;-0.41
45593.6;-0.385
45593.60400000001;-0.325
45593.608;-0.34
45593.612;-0.35
45593.615999999995;-0.32
45593.62;-0.31
45593.624;-0.305
45593.628;-0.265
45593.632000000005;-0.26
45593.636;-0.24
45593.64;-0.23
45593.644;-0.18
45593.648;-0.165
45593.652;-0.155
45593.655999999995;-0.17
45593.66;-0.17
45593.664000000004;-0.14
45593.668;-0.1
45593.672;-0.095
45593.676;-0.13
45593.68;-0.105
45593.684;-0.1
45593.687999999995;-0.13
45593.692;-0.13
45593.695999999996;-0.13
45593.7;-0.125
45593.704000000005;-0.16
45593.708;-0.16
45593.712;-0.19
45593.71599999999;-0.225
45593.72;-0.225
45593.724;-0.245
45593.727999999996;-0.305
45593.732;-0.315
45593.736;-0.32
45593.74;-0.34
45593.744000000006;-0.375
45593.748;-0.385
45593.752;-0.395
45593.755999999994;-0.39
45593.76;-0.4
45593.764;-0.43
45593.768;-0.455
45593.772000000004;-0.415
45593.776;-0.44
45593.78;-0.42
45593.78400000001;-0.44
45593.788;-0.425
45593.792;-0.42
45593.795999999995;-0.425
45593.8;-0.415
45593.804000000004;-0.4
45593.808;-0.38
45593.812000000005;-0.34
45593.816;-0.315
45593.82;-0.28
45593.824;-0.245
45593.828;-0.235
45593.832;-0.225
45593.835999999996;-0.22
45593.84;-0.23
45593.844000000005;-0.23
45593.848;-0.275
45593.852;-0.31
45593.856;-0.34
45593.86;-0.375
45593.864;-0.385
45593.867999999995;-0.39
45593.872;-0.4
45593.876;-0.41
45593.88;-0.375
45593.884000000005;-0.38
45593.888;-0.385
45593.892;-0.36
45593.89599999999;-0.37
45593.9;-0.36
45593.904;-0.39
45593.907999999996;-0.39
45593.912000000004;-0.41
45593.916;-0.395
45593.92;-0.4
45593.924000000006;-0.39
45593.928;-0.395
45593.932;-0.38
45593.935999999994;-0.405
45593.94;-0.41
45593.944;-0.43
45593.948;-0.415
45593.952000000005;-0.405
45593.956;-0.405
45593.96;-0.405
45593.96400000001;-0.4
45593.968;-0.41
45593.972;-0.39
45593.975999999995;-0.39
45593.98;-0.395
45593.984000000004;-0.37
45593.988;-0.37
45593.992;-0.345
45593.996;-0.315
45594.0;-0.28
45594.004;-0.29
45594.008;-0.28
45594.012;-0.22
45594.015999999996;-0.06
45594.02;0.0
45594.024000000005;-0.1
45594.028;-0.4
45594.032;-0.775
45594.03599999999;-1.125
45594.04;-1.46
45594.044;-1.83
45594.047999999995;-2.15
45594.052;-2.405
45594.056;-2.58
45594.06;-2.58
45594.064000000006;-2.375
45594.068;-2.02
45594.072;-1.625
45594.075999999994;-1.335
45594.08;-1.1
45594.084;-0.96
45594.087999999996;-0.835
45594.092000000004;-0.715
45594.096;-0.62
45594.1;-0.555
45594.10400000001;-0.505
45594.108;-0.475
45594.112;-0.46
45594.115999999995;-0.46
45594.12;-0.445
45594.124;-0.415
45594.128;-0.4
45594.132000000005;-0.375
45594.136;-0.385
45594.14;-0.385
45594.144;-0.345
45594.148;-0.34
45594.152;-0.31
45594.155999999995;-0.305
45594.16;-0.32
45594.164000000004;-0.3
45594.168;-0.295
45594.172;-0.265
45594.176;-0.24
45594.18;-0.235
45594.184;-0.23
45594.187999999995;-0.205
45594.192;-0.195
45594.195999999996;-0.17
45594.2;-0.145
45594.204000000005;-0.105
45594.208;-0.09
45594.212;-0.06
45594.21599999999;-0.05
45594.22;-0.055
45594.224;-0.04
45594.227999999996;-0.025
45594.232;0.0
45594.236;-0.005
45594.24;-0.02
45594.244000000006;-0.01
45594.248;0.0
45594.252;0.0
45594.255999999994;-0.01
45594.26;-0.005
45594.264;-0.025
45594.268;-0.03
45594.272000000004;-0.055
45594.276;-0.08
45594.28;-0.085
45594.28400000001;-0.105
45594.288;-0.13
45594.292;-0.165
45594.295999999995;-0.17
45594.3;-0.205
45594.304000000004;-0.25
45594.308;-0.255
45594.312000000005;-0.285
45594.316;-0.305
45594.32;-0.325
45594.324;-0.35
45594.328;-0.37
45594.332;-0.355
45594.335999999996;-0.36
45594.34;-0.365
45594.344000000005;-0.36
45594.348;-0.37
45594.352;-0.37
45594.356;-0.385
45594.36;-0.375
45594.364;-0.38
45594.367999999995;-0.39
45594.372;-0.39
45594.376;-0.365
45594.38;-0.335
45594.384000000005;-0.31
45594.388;-0.28
45594.392;-0.29
45594.39599999999;-0.27
45594.4;-0.255
45594.404;-0.225
45594.407999999996;-0.235
45594.412000000004;-0.23
45594.416;-0.24
45594.42;-0.29
45594.424000000006;-0.32
45594.428;-0.355
45594.432;-0.39
45594.435999999994;-0.425
45594.44;-0.4
45594.444;-0.405
45594.448;-0.41
45594.452000000005;-0.4
45594.456;-0.415
45594.46;-0.415
45594.46400000001;-0.405
45594.468;-0.41
45594.472;-0.415
45594.475999999995;-0.445
45594.48;-0.45
45594.484000000004;-0.43
45594.488;-0.445
45594.492;-0.425
45594.496;-0.43
45594.5;-0.455
45594.504;-0.465
45594.508;-0.465
45594.512;-0.455
45594.515999999996;-0.45
45594.52;-0.43
45594.524000000005;-0.46
45594.528;-0.44
45594.532;-0.435
45594.53599999999;-0.44
45594.54;-0.43
45594.544;-0.425
45594.547999999995;-0.46
45594.552;-0.45
45594.556;-0.46
45594.56;-0.41
45594.564000000006;-0.365
45594.568;-0.335
45594.572;-0.335
45594.575999999994;-0.33
45594.58;-0.31
45594.584;-0.175
45594.587999999996;-0.055
45594.592000000004;-0.06
45594.596;-0.26
45594.6;-0.605
45594.60400000001;-0.975
45594.608;-1.32
45594.612;-1.7
45594.615999999995;-2.035
45594.62;-2.365
45594.624;-2.56
45594.628;-2.655
45594.632000000005;-2.6
45594.636;-2.29
45594.64;-1.9
45594.644;-1.52
45594.648;-1.285
45594.652;-1.095
45594.655999999995;-0.945
45594.66;-0.83
45594.664000000004;-0.74
45594.668;-0.675
45594.672;-0.615
45594.676;-0.57
45594.68;-0.545
45594.684;-0.53
45594.687999999995;-0.49
45594.692;-0.495
45594.695999999996;-0.475
45594.7;-0.495
45594.704000000005;-0.48
45594.708;-0.505
45594.712;-0.505
45594.71599999999;-0.485
45594.72;-0.47
45594.724;-0.435
45594.727999999996;-0.43
45594.732;-0.4
45594.736;-0.395
45594.74;-0.385
45594.744000000006;-0.36
45594.748;-0.34
45594.752;-0.29
45594.755999999994;-0.31
45594.76;-0.29
45594.764;-0.245
45594.768;-0.235
45594.772000000004;-0.22
45594.776;-0.195
45594.78;-0.175
45594.78400000001;-0.165
45594.788;-0.135
45594.792;-0.13
45594.795999999995;-0.105
45594.8;-0.095
45594.804000000004;-0.11
45594.808;-0.08
45594.812000000005;-0.085
45594.816;-0.105
45594.82;-0.08
45594.824;-0.09
45594.828;-0.08
45594.832;-0.105
45594.835999999996;-0.13
45594.84;-0.16
45594.844000000005;-0.145
45594.848;-0.18
45594.852;-0.205
45594.856;-0.2
45594.86;-0.225
45594.864;-0.235
45594.867999999995;-0.275
45594.872;-0.29
45594.876;-0.335
45594.88;-0.355
45594.884000000005;-0.375
45594.888;-0.41
45594.892;-0.42
45594.89599999999;-0.415
45594.9;-0.42
45594.904;-0.425
45594.907999999996;-0.425
45594.912000000004;-0.41
45594.916;-0.425
45594.92;-0.435
45594.924000000006;-0.445
45594.928;-0.455
45594.932;-0.445
45594.935999999994;-0.41
45594.94;-0.4
45594.944;-0.425
45594.948;-0.44
45594.952000000005;-0.405
45594.956;-0.39
45594.96;-0.35
45594.96400000001;-0.255
45594.968;-0.175
45594.972;-0.18
45594.975999999995;-0.23
45594.98;-0.29
45594.984000000004;-0.31
45594.988;-0.315
45594.992;-0.315
45594.996;-0.345
45595.0;-0.34
45595.004;-0.41
45595.008;-0.445
45595.012;-0.47
45595.015999999996;-0.5
45595.02;-0.495
45595.024000000005;-0.49
45595.028;-0.44
45595.032;-0.45
45595.03599999999;-0.43
45595.04;-0.425
45595.044;-0.42
45595.047999999995;-0.45
45595.052;-0.47
45595.056;-0.47
45595.06;-0.455
45595.064000000006;-0.445
45595.068;-0.42
45595.072;-0.415
45595.075999999994;-0.45
45595.08;-0.435
45595.084;-0.44
45595.087999999996;-0.46
45595.092000000004;-0.475
45595.096;-0.46
45595.1;-0.455
45595.10400000001;-0.45
45595.108;-0.465
45595.112;-0.485
45595.115999999995;-0.465
45595.12;-0.49
45595.124;-0.465
45595.128;-0.445
45595.132000000005;-0.41
45595.136;-0.395
45595.14;-0.365
45595.144;-0.38
45595.148;-0.365
45595.152;-0.32
45595.155999999995;-0.23
45595.16;-0.12
45595.164000000004;-0.035
45595.168;-0.135
45595.172;-0.39
45595.176;-0.745
45595.18;-1.07
45595.184;-1.43
45595.187999999995;-1.76
45595.192;-2.045
45595.195999999996;-2.305
45595.2;-2.435
45595.204000000005;-2.435
45595.208;-2.215
45595.212;-1.845
45595.21599999999;-1.49
45595.22;-1.235
45595.224;-1.03
45595.227999999996;-0.905
45595.232;-0.8
45595.236;-0.72
45595.24;-0.67
45595.244000000006;-0.625
45595.248;-0.58
45595.252;-0.575
45595.255999999994;-0.59
45595.26;-0.57
45595.264;-0.575
45595.268;-0.54
45595.272000000004;-0.51
45595.276;-0.49
45595.28;-0.47
45595.28400000001;-0.49
45595.288;-0.475
45595.292;-0.455
45595.295999999995;-0.465
45595.3;-0.46
45595.304000000004;-0.45
45595.308;-0.425
45595.312000000005;-0.39
45595.316;-0.34
45595.32;-0.335
45595.324;-0.35
45595.328;-0.38
45595.332;-0.405
45595.335999999996;-0.37
45595.34;-0.33
45595.344000000005;-0.31
45595.348;-0.265
45595.352;-0.225
45595.356;-0.19
45595.36;-0.19
45595.364;-0.185
45595.367999999995;-0.22
45595.372;-0.205
45595.376;-0.205
45595.38;-0.185
45595.384000000005;-0.195
45595.388;-0.16
45595.392;-0.165
45595.39599999999;-0.16
45595.4;-0.15
45595.404;-0.14
45595.407999999996;-0.125
45595.412000000004;-0.14
45595.416;-0.16
45595.42;-0.185
45595.424000000006;-0.19
45595.428;-0.205
45595.432;-0.22
45595.435999999994;-0.24
45595.44;-0.26
45595.444;-0.305
45595.448;-0.305
45595.452000000005;-0.315
45595.456;-0.34
45595.46;-0.38
45595.46400000001;-0.46
45595.468;-0.495
45595.472;-0.495
45595.475999999995;-0.495
45595.48;-0.52
45595.484000000004;-0.495
45595.488;-0.48
45595.492;-0.495
45595.496;-0.51
45595.5;-0.485
45595.504;-0.485
45595.508;-0.475
45595.512;-0.465
45595.515999999996;-0.475
45595.52;-0.43
45595.524000000005;-0.43
45595.528;-0.44
45595.532;-0.435
45595.53599999999;-0.435
45595.54;-0.41
45595.544;-0.43
45595.547999999995;-0.43
45595.552;-0.42
45595.556;-0.415
45595.56;-0.395
45595.564000000006;-0.42
45595.568;-0.46
45595.572;-0.48
45595.575999999994;-0.48
45595.58;-0.505
45595.584;-0.52
45595.587999999996;-0.525
45595.592000000004;-0.525
45595.596;-0.485
45595.6;-0.495
45595.60400000001;-0.525
45595.608;-0.56
45595.612;-0.57
45595.615999999995;-0.55
45595.62;-0.54
45595.624;-0.55
45595.628;-0.55
45595.632000000005;-0.525
45595.636;-0.545
45595.64;-0.52
45595.644;-0.51
45595.648;-0.5
45595.652;-0.52
45595.655999999995;-0.535
45595.66;-0.54
45595.664000000004;-0.52
45595.668;-0.505
45595.672;-0.48
45595.676;-0.525
45595.68;-0.535
45595.684;-0.52
45595.687999999995;-0.51
45595.692;-0.51
45595.695999999996;-0.5
45595.7;-0.5
45595.704000000005;-0.485
45595.708;-0.48
45595.712;-0.445
45595.71599999999;-0.41
45595.72;-0.365
45595.724;-0.35
45595.727999999996;-0.355
45595.732;-0.28
45595.736;-0.185
45595.74;-0.105
45595.744000000006;-0.195
45595.748;-0.435
45595.752;-0.77
45595.755999999994;-1.09
45595.76;-1.38
45595.764;-1.705
45595.768;-1.99
45595.772000000004;-2.205
45595.776;-2.355
45595.78;-2.425
45595.78400000001;-2.28
45595.788;-1.935
45595.792;-1.625
45595.795999999995;-1.36
45595.8;-1.185
45595.804000000004;-1.015
45595.808;-0.865
45595.812000000005;-0.77
45595.816;-0.7
45595.82;-0.655
45595.824;-0.58
45595.828;-0.58
45595.832;-0.535
45595.835999999996;-0.5
45595.84;-0.47
45595.844000000005;-0.48
45595.848;-0.475
45595.852;-0.465
45595.856;-0.455
45595.86;-0.43
45595.864;-0.435
45595.867999999995;-0.415
45595.872;-0.435
45595.876;-0.425
45595.88;-0.41
45595.884000000005;-0.385
45595.888;-0.37
45595.892;-0.36
45595.89599999999;-0.31
45595.9;-0.26
45595.904;-0.23
45595.907999999996;-0.235
45595.912000000004;-0.275
45595.916;-0.33
45595.92;-0.325
45595.924000000006;-0.295
45595.928;-0.265
45595.932;-0.22
45595.935999999994;-0.19
45595.94;-0.17
45595.944;-0.16
45595.948;-0.15
45595.952000000005;-0.12
45595.956;-0.11
45595.96;-0.11
45595.96400000001;-0.1
45595.968;-0.085
45595.972;-0.075
45595.975999999995;-0.075
45595.98;-0.09
45595.984000000004;-0.07
45595.988;-0.075
45595.992;-0.075
45595.996;-0.105
45596.0;-0.115
45596.004;-0.125
45596.008;-0.165
45596.012;-0.175
45596.015999999996;-0.2
45596.02;-0.225
45596.024000000005;-0.23
45596.028;-0.265
45596.032;-0.31
45596.03599999999;-0.315
45596.04;-0.345
45596.044;-0.345
45596.047999999995;-0.355
45596.052;-0.37
45596.056;-0.37
45596.06;-0.365
45596.064000000006;-0.38
45596.068;-0.37
45596.072;-0.38
45596.075999999994;-0.385
45596.08;-0.385
45596.084;-0.355
45596.087999999996;-0.33
45596.092000000004;-0.32
45596.096;-0.3
45596.1;-0.34
45596.10400000001;-0.36
45596.108;-0.34
45596.112;-0.33
45596.115999999995;-0.32
45596.12;-0.29
45596.124;-0.23
45596.128;-0.235
45596.132000000005;-0.21
45596.136;-0.18
45596.14;-0.215
45596.144;-0.245
45596.148;-0.29
45596.152;-0.32
45596.155999999995;-0.32
45596.16;-0.33
45596.164000000004;-0.32
45596.168;-0.33
45596.172;-0.335
45596.176;-0.325
45596.18;-0.325
45596.184;-0.325
45596.187999999995;-0.325
45596.192;-0.32
45596.195999999996;-0.305
45596.2;-0.33
45596.204000000005;-0.375
45596.208;-0.42
45596.212;-0.43
45596.21599999999;-0.44
45596.22;-0.405
45596.224;-0.39
45596.227999999996;-0.41
45596.232;-0.38
45596.236;-0.395
45596.24;-0.39
45596.244000000006;-0.385
45596.248;-0.36
45596.252;-0.345
45596.255999999994;-0.35
45596.26;-0.395
45596.264;-0.395
45596.268;-0.36
45596.272000000004;-0.385
45596.276;-0.375
45596.28;-0.36
45596.28400000001;-0.355
45596.288;-0.32
45596.292;-0.315
45596.295999999995;-0.27
45596.3;-0.24
45596.304000000004;-0.205
45596.308;-0.105
45596.312000000005;-0.02
45596.316;-0.005
45596.32;-0.13
45596.324;-0.41
45596.328;-0.785
45596.332;-1.165
45596.335999999996;-1.51
45596.34;-1.815
45596.344000000005;-2.085
45596.348;-2.33
45596.352;-2.49
45596.356;-2.51
45596.36;-2.305
45596.364;-1.905
45596.367999999995;-1.54
45596.372;-1.235
45596.376;-1.05
45596.38;-0.895
45596.384000000005;-0.785
45596.388;-0.655
45596.392;-0.565
45596.39599999999;-0.515
45596.4;-0.485
45596.404;-0.48
45596.407999999996;-0.455
45596.412000000004;-0.45
45596.416;-0.405
45596.42;-0.365
45596.424000000006;-0.34
45596.428;-0.355
45596.432;-0.34
45596.435999999994;-0.33
45596.44;-0.32
45596.444;-0.31
45596.448;-0.285
45596.452000000005;-0.285
45596.456;-0.275
45596.46;-0.275
45596.46400000001;-0.275
45596.468;-0.24
45596.472;-0.245
45596.475999999995;-0.23
45596.48;-0.19
45596.484000000004;-0.2
45596.488;-0.165
45596.492;-0.15
45596.496;-0.12
45596.5;-0.105
45596.504;-0.075
45596.508;-0.08
45596.512;-0.04
45596.515999999996;-0.035
45596.52;-0.005
45596.524000000005;0.0
45596.528;0.0
45596.532;-0.005
45596.53599999999;0.025
45596.54;0.035
45596.544;0.035
45596.547999999995;0.045
45596.552;0.01
45596.556;-0.005
45596.56;-0.005
45596.564000000006;-0.015
45596.568;-0.03
45596.572;-0.075
45596.575999999994;-0.1
45596.58;-0.11
45596.584;-0.135
45596.587999999996;-0.165
45596.592000000004;-0.18
45596.596;-0.175
45596.6;-0.205
45596.60400000001;-0.225
45596.608;-0.24
45596.612;-0.27
45596.615999999995;-0.275
45596.62;-0.29
45596.624;-0.335
45596.628;-0.345
45596.632000000005;-0.335
45596.636;-0.34
45596.64;-0.325
45596.644;-0.335
45596.648;-0.355
45596.652;-0.405
45596.655999999995;-0.43
45596.66;-0.435
45596.664000000004;-0.39
45596.668;-0.365
45596.672;-0.365
45596.676;-0.34
45596.68;-0.335
45596.684;-0.285
45596.687999999995;-0.265
45596.692;-0.23
45596.695999999996;-0.16
45596.7;-0.135
45596.704000000005;-0.145
45596.708;-0.165
45596.712;-0.165
45596.71599999999;-0.23
45596.72;-0.295
45596.724;-0.35
45596.727999999996;-0.355
45596.732;-0.34
45596.736;-0.34
45596.74;-0.39
45596.744000000006;-0.39
45596.748;-0.365
45596.752;-0.34
45596.755999999994;-0.365
45596.76;-0.355
45596.764;-0.37
45596.768;-0.4
45596.772000000004;-0.42
45596.776;-0.43
45596.78;-0.405
45596.78400000001;-0.38
45596.788;-0.41
45596.792;-0.41
45596.795999999995;-0.415
45596.8;-0.405
45596.804000000004;-0.39
45596.808;-0.395
45596.812000000005;-0.405
45596.816;-0.39
45596.82;-0.405
45596.824;-0.405
45596.828;-0.385
45596.832;-0.375
45596.835999999996;-0.38
45596.84;-0.38
45596.844000000005;-0.36
45596.848;-0.355
45596.852;-0.355
45596.856;-0.34
45596.86;-0.335
45596.864;-0.32
45596.867999999995;-0.3
45596.872;-0.295
45596.876;-0.23
45596.88;-0.14
45596.884000000005;-0.02
45596.888;-0.02
45596.892;-0.215
45596.89599999999;-0.575
45596.9;-0.94
45596.904;-1.275
45596.907999999996;-1.61
45596.912000000004;-1.98
45596.916;-2.275
45596.92;-2.5
45596.924000000006;-2.615
45596.928;-2.55
45596.932;-2.23
45596.935999999994;-1.815
45596.94;-1.44
45596.944;-1.185
45596.948;-1.01
45596.952000000005;-0.845
45596.956;-0.78
45596.96;-0.685
45596.96400000001;-0.625
45596.968;-0.56
45596.972;-0.53
45596.975999999995;-0.5
45596.98;-0.465
45596.984000000004;-0.45
45596.988;-0.47
45596.992;-0.48
45596.996;-0.45
45597.0;-0.415
45597.004;-0.38
45597.008;-0.39
45597.012;-0.38
45597.015999999996;-0.38
45597.02;-0.395
45597.024000000005;-0.355
45597.028;-0.335
45597.032;-0.31
45597.03599999999;-0.32
45597.04;-0.335
45597.044;-0.31
45597.047999999995;-0.34
45597.052;-0.355
45597.056;-0.355
45597.06;-0.315
45597.064000000006;-0.245
45597.068;-0.2
45597.072;-0.165
45597.075999999994;-0.2
45597.08;-0.175
45597.084;-0.15
45597.087999999996;-0.12
45597.092000000004;-0.125
45597.096;-0.115
45597.1;-0.085
45597.10400000001;-0.095
45597.108;-0.095
45597.112;-0.05
45597.115999999995;-0.015
45597.12;-0.05
45597.124;-0.1
45597.128;-0.15
45597.132000000005;-0.185
45597.136;-0.17
45597.14;-0.165
45597.144;-0.16
45597.148;-0.165
45597.152;-0.225
45597.155999999995;-0.275
45597.16;-0.285
45597.164000000004;-0.3
45597.168;-0.315
45597.172;-0.325
45597.176;-0.355
45597.18;-0.35
45597.184;-0.375
45597.187999999995;-0.405
45597.192;-0.415
45597.195999999996;-0.39
45597.2;-0.39
45597.204000000005;-0.38
45597.208;-0.415
45597.212;-0.455
45597.21599999999;-0.485
45597.22;-0.47
45597.224;-0.465
45597.227999999996;-0.47
45597.232;-0.465
45597.236;-0.465
45597.24;-0.45
45597.244000000006;-0.415
45597.248;-0.38
45597.252;-0.34
45597.255999999994;-0.3
45597.26;-0.28
45597.264;-0.245
45597.268;-0.25
45597.272000000004;-0.23
45597.276;-0.23
45597.28;-0.23
45597.28400000001;-0.29
45597.288;-0.35
45597.292;-0.395
45597.295999999995;-0.435
45597.3;-0.39
45597.304000000004;-0.385
45597.308;-0.43
45597.312000000005;-0.455
45597.316;-0.49
45597.32;-0.495
45597.324;-0.475
45597.328;-0.465
45597.332;-0.47
45597.335999999996;-0.45
45597.34;-0.48
45597.344000000005;-0.495
45597.348;-0.49
45597.352;-0.47
45597.356;-0.48
45597.36;-0.49
45597.364;-0.48
45597.367999999995;-0.46
45597.372;-0.505
45597.376;-0.485
45597.38;-0.49
45597.384000000005;-0.485
45597.388;-0.5
45597.392;-0.485
45597.39599999999;-0.49
45597.4;-0.47
45597.404;-0.46
45597.407999999996;-0.45
45597.412000000004;-0.495
45597.416;-0.455
45597.42;-0.44
45597.424000000006;-0.425
45597.428;-0.4
45597.432;-0.395
45597.435999999994;-0.39
45597.44;-0.415
45597.444;-0.39
45597.448;-0.31
45597.452000000005;-0.195
45597.456;-0.065
45597.46;-0.08
45597.46400000001;-0.27
45597.468;-0.58
45597.472;-0.93
45597.475999999995;-1.28
45597.48;-1.605
45597.484000000004;-1.93
45597.488;-2.155
45597.492;-2.36
45597.496;-2.435
45597.5;-2.325
45597.504;-2.015
45597.508;-1.65
45597.512;-1.325
45597.515999999996;-1.145
45597.52;-1.03
45597.524000000005;-0.925
45597.528;-0.83
45597.532;-0.76
45597.53599999999;-0.71
45597.54;-0.685
45597.544;-0.62
45597.547999999995;-0.58
45597.552;-0.56
45597.556;-0.535
45597.56;-0.51
45597.564000000006;-0.5
45597.568;-0.485
45597.572;-0.515
45597.575999999994;-0.505
45597.58;-0.495
45597.584;-0.455
45597.587999999996;-0.47
45597.592000000004;-0.455
45597.596;-0.4
45597.6;-0.375
45597.60400000001;-0.34
45597.608;-0.36
45597.612;-0.385
45597.615999999995;-0.37
45597.62;-0.4
45597.624;-0.42
45597.628;-0.415
45597.632000000005;-0.33
45597.636;-0.275
45597.64;-0.24
45597.644;-0.25
45597.648;-0.225
45597.652;-0.23
45597.655999999995;-0.18
45597.66;-0.175
45597.664000000004;-0.19
45597.668;-0.23
45597.672;-0.23
45597.676;-0.255
45597.68;-0.22
45597.684;-0.195
45597.687999999995;-0.11
45597.692;-0.125
45597.695999999996;-0.14
45597.7;-0.135
45597.704000000005;-0.135
45597.708;-0.145
45597.712;-0.105
45597.71599999999;-0.085
45597.72;-0.135
45597.724;-0.225
45597.727999999996;-0.265
45597.732;-0.295
45597.736;-0.305
45597.74;-0.335
45597.744000000006;-0.33
45597.748;-0.34
45597.752;-0.39
45597.755999999994;-0.405
45597.76;-0.44
45597.764;-0.41
45597.768;-0.41
45597.772000000004;-0.42
45597.776;-0.405
45597.78;-0.41
45597.78400000001;-0.4
45597.788;-0.415
45597.792;-0.395
45597.795999999995;-0.385
45597.8;-0.385
45597.804000000004;-0.405
45597.808;-0.385
45597.812000000005;-0.4
45597.816;-0.395
45597.82;-0.375
45597.824;-0.38
45597.828;-0.36
45597.832;-0.33
45597.835999999996;-0.285
45597.84;-0.27
45597.844000000005;-0.23
45597.848;-0.2
45597.852;-0.21
45597.856;-0.285
45597.86;-0.36
45597.864;-0.395
45597.867999999995;-0.44
45597.872;-0.465
45597.876;-0.44
45597.88;-0.415
45597.884000000005;-0.4
45597.888;-0.41
45597.892;-0.425
45597.89599999999;-0.455
45597.9;-0.42
45597.904;-0.39
45597.907999999996;-0.345
45597.912000000004;-0.335
45597.916;-0.385
45597.92;-0.425
45597.924000000006;-0.455
45597.928;-0.495
45597.932;-0.515
45597.935999999994;-0.49
45597.94;-0.505
45597.944;-0.49
45597.948;-0.475
45597.952000000005;-0.45
45597.956;-0.455
45597.96;-0.465
45597.96400000001;-0.455
45597.968;-0.47
45597.972;-0.47
45597.975999999995;-0.46
45597.98;-0.44
45597.984000000004;-0.435
45597.988;-0.445
45597.992;-0.42
45597.996;-0.415
45598.0;-0.41
45598.004;-0.365
45598.008;-0.33
45598.012;-0.31
45598.015999999996;-0.305
45598.02;-0.29
45598.024000000005;-0.23
45598.028;-0.12
45598.032;-0.015
45598.03599999999;-0.035
45598.04;-0.19
45598.044;-0.485
45598.047999999995;-0.805
45598.052;-1.095
45598.056;-1.42
45598.06;-1.705
45598.064000000006;-1.93
45598.068;-2.12
45598.072;-2.285
45598.075999999994;-2.28
45598.08;-2.05
45598.084;-1.7
45598.087999999996;-1.38
45598.092000000004;-1.13
45598.096;-0.935
45598.1;-0.795
45598.10400000001;-0.72
45598.108;-0.63
45598.112;-0.55
45598.115999999995;-0.505
45598.12;-0.505
45598.124;-0.495
45598.128;-0.5
45598.132000000005;-0.46
45598.136;-0.47
45598.14;-0.44
45598.144;-0.41
45598.148;-0.37
45598.152;-0.355
45598.155999999995;-0.37
45598.16;-0.39
45598.164000000004;-0.375
45598.168;-0.365
45598.172;-0.37
45598.176;-0.355
45598.18;-0.35
45598.184;-0.31
45598.187999999995;-0.28
45598.192;-0.275
45598.195999999996;-0.31
45598.2;-0.305
45598.204000000005;-0.27
45598.208;-0.24
45598.212;-0.185
45598.21599999999;-0.135
45598.22;-0.135
45598.224;-0.105
45598.227999999996;-0.095
45598.232;-0.08
45598.236;-0.09
45598.24;-0.08
45598.244000000006;-0.055
45598.248;-0.035
45598.252;-0.025
45598.255999999994;-0.04
45598.26;-0.025
45598.264;-0.015
45598.268;-0.01
45598.272000000004;0.0
45598.276;-0.015
45598.28;-0.045
45598.28400000001;-0.06
45598.288;-0.07
45598.292;-0.08
45598.295999999995;-0.065
45598.3;-0.07
45598.304000000004;-0.095
45598.308;-0.135
45598.312000000005;-0.145
45598.316;-0.21
45598.32;-0.23
45598.324;-0.265
45598.328;-0.295
45598.332;-0.31
45598.335999999996;-0.315
45598.34;-0.34
45598.344000000005;-0.36
45598.348;-0.34
45598.352;-0.365
45598.356;-0.35
45598.36;-0.36
45598.364;-0.37
45598.367999999995;-0.385
45598.372;-0.4
45598.376;-0.38
45598.38;-0.35
45598.384000000005;-0.36
45598.388;-0.35
45598.392;-0.34
45598.39599999999;-0.325
45598.4;-0.295
45598.404;-0.265
45598.407999999996;-0.22
45598.412000000004;-0.16
45598.416;-0.18
45598.42;-0.165
45598.424000000006;-0.19
45598.428;-0.195
45598.432;-0.23
45598.435999999994;-0.255
45598.44;-0.24
45598.444;-0.31
45598.448;-0.33
45598.452000000005;-0.39
45598.456;-0.395
45598.46;-0.38
45598.46400000001;-0.365
45598.468;-0.35
45598.472;-0.355
45598.475999999995;-0.39
45598.48;-0.38
45598.484000000004;-0.355
45598.488;-0.31
45598.492;-0.345
45598.496;-0.415
45598.5;-0.455
45598.504;-0.465
45598.508;-0.41
45598.512;-0.42
45598.515999999996;-0.43
45598.52;-0.445
45598.524000000005;-0.435
45598.528;-0.43
45598.532;-0.405
45598.53599999999;-0.395
45598.54;-0.405
45598.544;-0.43
45598.547999999995;-0.46
45598.552;-0.445
45598.556;-0.415
45598.56;-0.375
45598.564000000006;-0.36
45598.568;-0.385
45598.572;-0.41
45598.575999999994;-0.395
45598.58;-0.375
45598.584;-0.355
45598.587999999996;-0.33
45598.592000000004;-0.295
45598.596;-0.285
